{"info": {"cutoff": 1630.0, "cutoff deviation": 0, "metagame": "gen2oubeta", "number of battles": 25}, "data": {"Starmie": {"Abilities": {"illuminate": 0.6168226402108286}, "Items": {"nothing": 0.0, "leftovers": 0.6168226402108286}, "Raw count": 15, "Spreads": {"Serious:255/255/252/255/255/255": 0.6168226402108286}, "Checks and Counters": {}, "Moves": {"surf": 0.6168226402108286, "thunderbolt": 0.0, "blizzard": 0.0, "psychic": 0.0, "reflect": 0.0, "thunderwave": 0.6168226402108286, "rapidspin": 0.6168226402108286, "recover": 0.6168226402108286}, "Teammates": {"Golem": 0.0, "Venusaur": 0.0, "Miltank": -0.15314668160745748, "Tauros": 0.0, "Slowbro": 0.0, "Tentacruel": 0.0, "Exeggutor": 0.0, "Skarmory": -0.15314668160745748, "Raikou": -0.15314668160745748, "Cloyster": 0.0, "Snorlax": -0.15314668160745748, "Umbreon": 0.0, "Tyranitar": -0.15314668160745748}}, "Miltank": {"Abilities": {"illuminate": 0.6168226402108286}, "Items": {"leftovers": 0.6168226402108286}, "Raw count": 12, "Spreads": {"Serious:255/255/252/255/255/255": 0.6168226402108286}, "Checks and Counters": {}, "Moves": {"growl": 0.6168226402108286, "bodyslam": 0.6168226402108286, "milkdrink": 0.6168226402108286, "healbell": 0.6168226402108286}, "Teammates": {"Starmie": -0.15314668160745748, "Cloyster": 0.0, "Tyranitar": -0.15314668160745748, "Snorlax": -0.15314668160745748, "Raikou": -0.15314668160745748, "Skarmory": -0.15314668160745748}}, "Tyranitar": {"Abilities": {"illuminate": 0.6168226402108286}, "Items": {"nothing": 0.0, "leftovers": 0.6168226402108286, "softsand": 0.0}, "Raw count": 23, "Spreads": {"Serious:255/255/252/255/255/255": 0.6168226402108286}, "Checks and Counters": {}, "Moves": {"crunch": 0.0, "curse": 0.6168226402108286, "thunderbolt": 0.0, "rockslide": 0.6168226402108286, "roar": 0.6168226402108286, "hyperbeam": 0.0, "rest": 0.6168226402108286, "pursuit": 0.0, "icebeam": 0.0, "toxic": 0.0, "earthquake": 0.0, "flamethrower": 0.0}, "Teammates": {"Houndoom": 0.0, "Charizard": 0.0, "Starmie": -0.15314668160745748, "Miltank": -0.15314668160745748, "Tauros": 0.0, "Heracross": 0.0, "Gyarados": 0.0, "Seadra": 0.0, "Umbreon": 0.0, "Scizor": 0.0, "Skarmory": -0.15314668160745748, "Raikou": -0.15314668160745748, "Jolteon": 0.0, "Donphan": 0.0, "Alakazam": 0.0, "Snorlax": -0.15314668160745748, "Kingdra": 0.0, "Blissey": 0.0, "Cloyster": 0.0, "Gengar": 0.0, "Jumpluff": 0.0}}, "Snorlax": {"Abilities": {"illuminate": 0.6168226402108286}, "Items": {"nothing": 0.0, "leftovers": 0.6168226402108286, "chestoberry": 0.0}, "Raw count": 33, "Spreads": {"Serious:255/255/252/255/255/255": 0.6168226402108286}, "Checks and Counters": {}, "Moves": {"curse": 0.6168226402108286, "selfdestruct": 0.0, "frustration": 0.0, "rest": 0.6168226402108286, "snore": 0.0, "sleeptalk": 0.0, "bodyslam": 0.6168226402108286, "lovelykiss": 0.0, "doubleedge": 0.0, "icebeam": 0.0, "bellydrum": 0.0, "fireblast": 0.0, "earthquake": 0.6168226402108286, "amnesia": 0.0}, "Teammates": {"Cloyster": 0.0, "Vaporeon": 0.0, "Tyranitar": -0.15314668160745748, "Raikou": -0.15314668160745748, "Machamp": 0.0, "Marowak": 0.0, "Charizard": 0.0, "Forretress": 0.0, "Miltank": -0.15314668160745748, "Pikachu": 0.0, "Exeggutor": 0.0, "Alakazam": 0.0, "Starmie": -0.15314668160745748, "Meganium": 0.0, "Tentacruel": 0.0, "Lanturn": 0.0, "Espeon": 0.0, "Feraligatr": 0.0, "Steelix": 0.0, "Suicune": 0.0, "Umbreon": 0.0, "Arcanine": 0.0, "Scizor": 0.0, "Skarmory": -0.15314668160745748, "Nidoking": 0.0, "Zapdos": 0.0, "Venusaur": 0.0, "Articuno": 0.0, "Blastoise": 0.0}}, "Raikou": {"Abilities": {"illuminate": 0.6168226402108286}, "Items": {"nothing": 0.0, "leftovers": 0.6168226402108286}, "Raw count": 15, "Spreads": {"Serious:255/255/252/255/255/255": 0.6168226402108286}, "Checks and Counters": {}, "Moves": {"crunch": 0.0, "thunderbolt": 0.6168226402108286, "roar": 0.6168226402108286, "thunder": 0.0, "rest": 0.6168226402108286, "reflect": 0.6168226402108286, "sleeptalk": 0.0, "toxic": 0.0, "quickattack": 0.0}, "Teammates": {"Charizard": 0.0, "Skarmory": -0.15314668160745748, "Starmie": -0.15314668160745748, "Cloyster": 0.0, "Dragonite": 0.0, "Suicune": 0.0, "Tentacruel": 0.0, "Rhydon": 0.0, "Scizor": 0.0, "Tyranitar": -0.15314668160745748, "Snorlax": -0.15314668160745748, "Gengar": 0.0, "Miltank": -0.15314668160745748, "Alakazam": 0.0, "Umbreon": 0.0, "Espeon": 0.0, "Blastoise": 0.0}}, "Skarmory": {"Abilities": {"illuminate": 0.6168226402108286}, "Items": {"nothing": 0.0, "leftovers": 0.6168226402108286, "sharpbeak": 0.0}, "Raw count": 17, "Spreads": {"Serious:255/255/252/255/255/255": 0.6168226402108286}, "Checks and Counters": {}, "Moves": {"fly": 0.0, "curse": 0.6168226402108286, "drillpeck": 0.6168226402108286, "thief": 0.0, "rest": 0.6168226402108286, "sandattack": 0.0, "sleeptalk": 0.0, "steelwing": 0.0, "toxic": 0.0, "whirlwind": 0.6168226402108286}, "Teammates": {"Umbreon": 0.0, "Jumpluff": 0.0, "Nidoking": 0.0, "Starmie": -0.15314668160745748, "Cloyster": 0.0, "Tauros": 0.0, "Suicune": 0.0, "Tentacruel": 0.0, "Forretress": 0.0, "Tyranitar": -0.15314668160745748, "Snorlax": -0.15314668160745748, "Houndoom": 0.0, "Donphan": 0.0, "Alakazam": 0.0, "Kingdra": 0.0, "Blissey": 0.0, "Miltank": -0.15314668160745748, "Raikou": -0.15314668160745748}}}}