{"info": {"cutoff": 1760.0, "cutoff deviation": 0, "metagame": "gen2oubeta", "number of battles": 25}, "data": {"Starmie": {"Abilities": {"illuminate": 0.041363822304855524}, "Items": {"nothing": 0.0, "leftovers": 0.041363822304855524}, "Raw count": 15, "Spreads": {"Serious:255/255/252/255/255/255": 0.041363822304855524}, "Checks and Counters": {}, "Moves": {"surf": 0.041363822304855524, "thunderbolt": 0.0, "blizzard": 0.0, "psychic": 0.0, "reflect": 0.0, "thunderwave": 0.041363822304855524, "rapidspin": 0.041363822304855524, "recover": 0.041363822304855524}, "Teammates": {"Golem": 0.0, "Venusaur": 0.0, "Miltank": 0.024361640756175133, "Tauros": 0.0, "Slowbro": 0.0, "Tentacruel": 0.0, "Exeggutor": 0.0, "Skarmory": 0.024361640756175133, "Raikou": 0.024361640756175133, "Cloyster": 0.0, "Snorlax": 0.024361640756175133, "Umbreon": 0.0, "Tyranitar": 0.024361640756175133}}, "Miltank": {"Abilities": {"illuminate": 0.041363822304855524}, "Items": {"leftovers": 0.041363822304855524}, "Raw count": 12, "Spreads": {"Serious:255/255/252/255/255/255": 0.041363822304855524}, "Checks and Counters": {}, "Moves": {"growl": 0.041363822304855524, "bodyslam": 0.041363822304855524, "milkdrink": 0.041363822304855524, "healbell": 0.041363822304855524}, "Teammates": {"Starmie": 0.024361640756175133, "Cloyster": 0.0, "Tyranitar": 0.024361640756175133, "Snorlax": 0.024361640756175133, "Raikou": 0.024361640756175133, "Skarmory": 0.024361640756175133}}, "Tyranitar": {"Abilities": {"illuminate": 0.041363822304855524}, "Items": {"nothing": 0.0, "leftovers": 0.041363822304855524, "softsand": 0.0}, "Raw count": 23, "Spreads": {"Serious:255/255/252/255/255/255": 0.041363822304855524}, "Checks and Counters": {}, "Moves": {"crunch": 0.0, "curse": 0.041363822304855524, "thunderbolt": 0.0, "rockslide": 0.041363822304855524, "roar": 0.041363822304855524, "hyperbeam": 0.0, "rest": 0.041363822304855524, "pursuit": 0.0, "icebeam": 0.0, "toxic": 0.0, "earthquake": 0.0, "flamethrower": 0.0}, "Teammates": {"Houndoom": 0.0, "Charizard": 0.0, "Starmie": 0.024361640756175133, "Miltank": 0.024361640756175133, "Tauros": 0.0, "Heracross": 0.0, "Gyarados": 0.0, "Seadra": 0.0, "Umbreon": 0.0, "Scizor": 0.0, "Skarmory": 0.024361640756175133, "Raikou": 0.024361640756175133, "Jolteon": 0.0, "Donphan": 0.0, "Alakazam": 0.0, "Snorlax": 0.024361640756175133, "Kingdra": 0.0, "Blissey": 0.0, "Cloyster": 0.0, "Gengar": 0.0, "Jumpluff": 0.0}}, "Snorlax": {"Abilities": {"illuminate": 0.041363822304855524}, "Items": {"nothing": 0.0, "leftovers": 0.041363822304855524, "chestoberry": 0.0}, "Raw count": 33, "Spreads": {"Serious:255/255/252/255/255/255": 0.041363822304855524}, "Checks and Counters": {}, "Moves": {"curse": 0.041363822304855524, "selfdestruct": 0.0, "frustration": 0.0, "rest": 0.041363822304855524, "snore": 0.0, "sleeptalk": 0.0, "bodyslam": 0.041363822304855524, "lovelykiss": 0.0, "doubleedge": 0.0, "icebeam": 0.0, "bellydrum": 0.0, "fireblast": 0.0, "earthquake": 0.041363822304855524, "amnesia": 0.0}, "Teammates": {"Cloyster": 0.0, "Vaporeon": 0.0, "Tyranitar": 0.024361640756175133, "Raikou": 0.024361640756175133, "Machamp": 0.0, "Marowak": 0.0, "Charizard": 0.0, "Forretress": 0.0, "Miltank": 0.024361640756175133, "Pikachu": 0.0, "Exeggutor": 0.0, "Alakazam": 0.0, "Starmie": 0.024361640756175133, "Meganium": 0.0, "Tentacruel": 0.0, "Lanturn": 0.0, "Espeon": 0.0, "Feraligatr": 0.0, "Steelix": 0.0, "Suicune": 0.0, "Umbreon": 0.0, "Arcanine": 0.0, "Scizor": 0.0, "Skarmory": 0.024361640756175133, "Nidoking": 0.0, "Zapdos": 0.0, "Venusaur": 0.0, "Articuno": 0.0, "Blastoise": 0.0}}, "Raikou": {"Abilities": {"illuminate": 0.041363822304855524}, "Items": {"nothing": 0.0, "leftovers": 0.041363822304855524}, "Raw count": 15, "Spreads": {"Serious:255/255/252/255/255/255": 0.041363822304855524}, "Checks and Counters": {}, "Moves": {"crunch": 0.0, "thunderbolt": 0.041363822304855524, "roar": 0.041363822304855524, "thunder": 0.0, "rest": 0.041363822304855524, "reflect": 0.041363822304855524, "sleeptalk": 0.0, "toxic": 0.0, "quickattack": 0.0}, "Teammates": {"Charizard": 0.0, "Skarmory": 0.024361640756175133, "Starmie": 0.024361640756175133, "Cloyster": 0.0, "Dragonite": 0.0, "Suicune": 0.0, "Tentacruel": 0.0, "Rhydon": 0.0, "Scizor": 0.0, "Tyranitar": 0.024361640756175133, "Snorlax": 0.024361640756175133, "Gengar": 0.0, "Miltank": 0.024361640756175133, "Alakazam": 0.0, "Umbreon": 0.0, "Espeon": 0.0, "Blastoise": 0.0}}, "Skarmory": {"Abilities": {"illuminate": 0.041363822304855524}, "Items": {"nothing": 0.0, "leftovers": 0.041363822304855524, "sharpbeak": 0.0}, "Raw count": 17, "Spreads": {"Serious:255/255/252/255/255/255": 0.041363822304855524}, "Checks and Counters": {}, "Moves": {"fly": 0.0, "curse": 0.041363822304855524, "drillpeck": 0.041363822304855524, "thief": 0.0, "rest": 0.041363822304855524, "sandattack": 0.0, "sleeptalk": 0.0, "steelwing": 0.0, "toxic": 0.0, "whirlwind": 0.041363822304855524}, "Teammates": {"Umbreon": 0.0, "Jumpluff": 0.0, "Nidoking": 0.0, "Starmie": 0.024361640756175133, "Cloyster": 0.0, "Tauros": 0.0, "Suicune": 0.0, "Tentacruel": 0.0, "Forretress": 0.0, "Tyranitar": 0.024361640756175133, "Snorlax": 0.024361640756175133, "Houndoom": 0.0, "Donphan": 0.0, "Alakazam": 0.0, "Kingdra": 0.0, "Blissey": 0.0, "Miltank": 0.024361640756175133, "Raikou": 0.024361640756175133}}}}