{"info": {"cutoff": 1500.0, "cutoff deviation": 0, "metagame": "gen4lc", "number of battles": 1}, "data": {"Snover": {"Abilities": {"snowwarning": 1.128122801538802}, "Items": {"lifeorb": 1.128122801538802}, "Raw count": 2, "Spreads": {"Adamant:196/180/36/20/36/36": 1.128122801538802}, "Checks and Counters": {}, "Moves": {"swordsdance": 1.128122801538802, "iceshard": 1.128122801538802, "blizzard": 1.128122801538802, "woodhammer": 1.128122801538802}, "Teammates": {"Chinchou": -4.4985778990813685e-08, "Gligar": -4.4985778990813685e-08, "Porygon": -4.4985778990813685e-08, "Machop": -4.4985778990813685e-08, "Munchlax": -0.6281228015388021}}, "Munchlax": {"Abilities": {"thickfat": 1.7562456030776041}, "Items": {"oranberry": 1.7562456030776041}, "Raw count": 3, "Spreads": {"Brave:0/236/36/0/236/0": 0.6281228015388021, "Careful:236/0/36/0/236/0": 1.128122801538802}, "Checks and Counters": {}, "Moves": {"protect": 0.6281228015388021, "pursuit": 1.128122801538802, "return": 1.7562456030776041, "firepunch": 1.7562456030776041, "earthquake": 1.7562456030776041}, "Teammates": {"Snover": -0.2783929899715579, "Chinchou": -0.2783929899715579, "Gastly": -0.34972981156724425, "Krabby": -0.34972981156724425, "Machop": -0.2783929899715579, "Gligar": -0.2783929899715579, "Phanpy": -0.34972981156724425, "Porygon": -0.2783929899715579, "Dratini": -0.34972981156724425, "Carvanha": -0.34972981156724425}}, "Gastly": {"Abilities": {"levitate": 0.6281228015388021}, "Items": {"choicescarf": 0.6281228015388021}, "Raw count": 1, "Spreads": {"Rash:36/76/0/196/0/196": 0.6281228015388021}, "Checks and Counters": {}, "Moves": {"sludgebomb": 0.6281228015388021, "shadowball": 0.6281228015388021, "explosion": 0.6281228015388021, "hypnosis": 0.6281228015388021}, "Teammates": {"Carvanha": 0.27839294498577893, "Dratini": 0.27839294498577893, "Krabby": 0.27839294498577893, "Munchlax": 0.0, "Phanpy": 0.27839294498577893}}, "Krabby": {"Abilities": {"hypercutter": 0.6281228015388021}, "Items": {"oranberry": 0.6281228015388021}, "Raw count": 1, "Spreads": {"Adamant:36/236/36/0/0/196": 0.6281228015388021}, "Checks and Counters": {}, "Moves": {"swordsdance": 0.6281228015388021, "crabhammer": 0.6281228015388021, "return": 0.6281228015388021, "agility": 0.6281228015388021}, "Teammates": {"Carvanha": 0.27839294498577893, "Phanpy": 0.27839294498577893, "Gastly": 0.27839294498577893, "Munchlax": 0.0, "Dratini": 0.27839294498577893}}, "Machop": {"Abilities": {"noguard": 1.128122801538802}, "Items": {"oranberry": 1.128122801538802}, "Raw count": 2, "Spreads": {"Adamant:196/196/36/0/76/0": 1.128122801538802}, "Checks and Counters": {}, "Moves": {"payback": 1.128122801538802, "dynamicpunch": 1.128122801538802, "protect": 1.128122801538802, "icepunch": 1.128122801538802}, "Teammates": {"Chinchou": -4.4985778990813685e-08, "Gligar": -4.4985778990813685e-08, "Porygon": -4.4985778990813685e-08, "Munchlax": -0.6281228015388021, "Snover": -4.4985778990813685e-08}}, "Gligar": {"Abilities": {"hypercutter": 1.128122801538802}, "Items": {"yacheberry": 1.128122801538802}, "Raw count": 2, "Spreads": {"Jolly:0/236/0/0/0/236": 1.128122801538802}, "Checks and Counters": {}, "Moves": {"swordsdance": 1.128122801538802, "nightslash": 1.128122801538802, "earthquake": 1.128122801538802, "aerialace": 1.128122801538802}, "Teammates": {"Munchlax": -0.6281228015388021, "Porygon": -4.4985778990813685e-08, "Machop": -4.4985778990813685e-08, "Snover": -4.4985778990813685e-08, "Chinchou": -4.4985778990813685e-08}}, "Phanpy": {"Abilities": {"pickup": 0.6281228015388021}, "Items": {"oranberry": 0.6281228015388021}, "Raw count": 1, "Spreads": {"Adamant:116/196/116/0/36/36": 0.6281228015388021}, "Checks and Counters": {}, "Moves": {"stealthrock": 0.6281228015388021, "protect": 0.6281228015388021, "iceshard": 0.6281228015388021, "earthquake": 0.6281228015388021}, "Teammates": {"Carvanha": 0.27839294498577893, "Dratini": 0.27839294498577893, "Krabby": 0.27839294498577893, "Munchlax": 0.0, "Gastly": 0.27839294498577893}}, "Porygon": {"Abilities": {"trace": 1.128122801538802}, "Items": {"choicescarf": 1.128122801538802}, "Raw count": 2, "Spreads": {"Timid:0/0/36/240/0/196": 1.128122801538802}, "Checks and Counters": {}, "Moves": {"shadowball": 1.128122801538802, "thunderbolt": 1.128122801538802, "blizzard": 1.128122801538802}, "Teammates": {"Chinchou": -4.4985778990813685e-08, "Gligar": -4.4985778990813685e-08, "Snover": -4.4985778990813685e-08, "Machop": -4.4985778990813685e-08, "Munchlax": -0.6281228015388021}}, "Chinchou": {"Abilities": {"voltabsorb": 1.128122801538802}, "Items": {"choicescarf": 1.128122801538802}, "Raw count": 2, "Spreads": {"Timid:0/0/0/232/56/220": 1.128122801538802}, "Checks and Counters": {}, "Moves": {"surf": 1.128122801538802, "thunderbolt": 1.128122801538802, "icebeam": 1.128122801538802}, "Teammates": {"Machop": -4.4985778990813685e-08, "Gligar": -4.4985778990813685e-08, "Porygon": -4.4985778990813685e-08, "Munchlax": -0.6281228015388021, "Snover": -4.4985778990813685e-08}}, "Dratini": {"Abilities": {"shedskin": 0.6281228015388021}, "Items": {"lifeorb": 0.6281228015388021}, "Raw count": 1, "Spreads": {"Lonely:0/244/0/116/0/116": 0.6281228015388021}, "Checks and Counters": {}, "Moves": {"outrage": 0.6281228015388021, "fireblast": 0.6281228015388021, "extremespeed": 0.6281228015388021, "substitute": 0.6281228015388021}, "Teammates": {"Carvanha": 0.27839294498577893, "Phanpy": 0.27839294498577893, "Krabby": 0.27839294498577893, "Munchlax": 0.0, "Gastly": 0.27839294498577893}}, "Carvanha": {"Abilities": {"roughskin": 0.6281228015388021}, "Items": {"lifeorb": 0.6281228015388021}, "Raw count": 1, "Spreads": {"Adamant:0/236/36/0/0/236": 0.6281228015388021}, "Checks and Counters": {}, "Moves": {"crunch": 0.6281228015388021, "aquajet": 0.6281228015388021, "zenheadbutt": 0.6281228015388021, "substitute": 0.6281228015388021}, "Teammates": {"Phanpy": 0.27839294498577893, "Krabby": 0.27839294498577893, "Munchlax": 0.0, "Dratini": 0.27839294498577893, "Gastly": 0.27839294498577893}}}}