{"info": {"cutoff": 1500.0, "cutoff deviation": 0, "metagame": "gen5gbudoubles", "number of battles": 1}, "data": {"Marowak": {"Abilities": {"lightningrod": 0.6281228015388021}, "Items": {"thickclub": 0.6281228015388021}, "Raw count": 1, "Spreads": {"Brave:252/252/0/0/4/0": 0.6281228015388021}, "Checks and Counters": {}, "Moves": {"bonemerang": 0.6281228015388021, "detect": 0.6281228015388021, "firepunch": 0.6281228015388021, "rockslide": 0.6281228015388021}, "Teammates": {"Magmar": 0.2335845486924054, "Abomasnow": 0.2335845486924054, "Scrafty": 0.2335845486924054, "Tornadus": 0.2335845486924054, "Jellicent": 0.2335845486924054}}, "Scrafty": {"Abilities": {"intimidate": 0.6281228015388021}, "Items": {"rockyhelmet": 0.6281228015388021}, "Raw count": 1, "Spreads": {"Brave:252/252/0/0/4/0": 0.6281228015388021}, "Checks and Counters": {}, "Moves": {"drainpunch": 0.6281228015388021, "crunch": 0.6281228015388021, "detect": 0.6281228015388021, "fakeout": 0.6281228015388021}, "Teammates": {"Marowak": 0.2335845486924054, "Abomasnow": 0.2335845486924054, "Jellicent": 0.2335845486924054, "Tornadus": 0.2335845486924054, "Magmar": 0.2335845486924054}}, "Tornadus": {"Abilities": {"defiant": 0.6281228015388021}, "Items": {"nothing": 0.6281228015388021}, "Raw count": 1, "Spreads": {"Jolly:4/252/0/0/0/252": 0.6281228015388021}, "Checks and Counters": {}, "Moves": {"protect": 0.6281228015388021, "acrobatics": 0.6281228015388021, "substitute": 0.6281228015388021, "superpower": 0.6281228015388021}, "Teammates": {"Marowak": 0.2335845486924054, "Abomasnow": 0.2335845486924054, "Scrafty": 0.2335845486924054, "Jellicent": 0.2335845486924054, "Magmar": 0.2335845486924054}}, "Ferrothorn": {"Abilities": {"ironbarbs": 0.3718771984611979}, "Items": {"rockyhelmet": 0.3718771984611979}, "Raw count": 1, "Spreads": {"Bold:4/0/252/0/252/0": 0.3718771984611979}, "Checks and Counters": {}, "Moves": {"toxic": 0.3718771984611979, "leechseed": 0.3718771984611979, "spikes": 0.3718771984611979, "stealthrock": 0.3718771984611979}, "Teammates": {"Seismitoad": 0.23358454715360333, "Emboar": 0.23358454715360333, "Leavanny": 0.23358454715360333, "Golurk": 0.23358454715360333, "Klinklang": 0.23358454715360333}}, "Golurk": {"Abilities": {"ironfist": 0.3718771984611979}, "Items": {"icicleplate": 0.3718771984611979}, "Raw count": 1, "Spreads": {"Adamant:4/252/0/0/0/252": 0.3718771984611979}, "Checks and Counters": {}, "Moves": {"icepunch": 0.3718771984611979, "firepunch": 0.3718771984611979, "earthquake": 0.3718771984611979, "shadowpunch": 0.3718771984611979}, "Teammates": {"Seismitoad": 0.23358454715360333, "Leavanny": 0.23358454715360333, "Ferrothorn": 0.23358454715360333, "Emboar": 0.23358454715360333, "Klinklang": 0.23358454715360333}}, "Emboar": {"Abilities": {"blaze": 0.3718771984611979}, "Items": {"toxicorb": 0.3718771984611979}, "Raw count": 1, "Spreads": {"Adamant:4/252/0/0/0/252": 0.3718771984611979}, "Checks and Counters": {}, "Moves": {"facade": 0.3718771984611979, "lowkick": 0.3718771984611979, "earthquake": 0.3718771984611979, "flareblitz": 0.3718771984611979}, "Teammates": {"Seismitoad": 0.23358454715360333, "Leavanny": 0.23358454715360333, "Ferrothorn": 0.23358454715360333, "Golurk": 0.23358454715360333, "Klinklang": 0.23358454715360333}}, "Magmar": {"Abilities": {"flamebody": 0.6281228015388021}, "Items": {"eviolite": 0.6281228015388021}, "Raw count": 1, "Spreads": {"Bold:252/0/244/4/4/4": 0.6281228015388021}, "Checks and Counters": {}, "Moves": {"helpinghand": 0.6281228015388021, "fireblast": 0.6281228015388021, "followme": 0.6281228015388021, "willowisp": 0.6281228015388021}, "Teammates": {"Marowak": 0.2335845486924054, "Abomasnow": 0.2335845486924054, "Scrafty": 0.2335845486924054, "Tornadus": 0.2335845486924054, "Jellicent": 0.2335845486924054}}, "Abomasnow": {"Abilities": {"snowwarning": 0.6281228015388021}, "Items": {"focussash": 0.6281228015388021}, "Raw count": 1, "Spreads": {"Quiet:252/4/0/252/0/0": 0.6281228015388021}, "Checks and Counters": {}, "Moves": {"energyball": 0.6281228015388021, "protect": 0.6281228015388021, "iceshard": 0.6281228015388021, "blizzard": 0.6281228015388021}, "Teammates": {"Marowak": 0.2335845486924054, "Scrafty": 0.2335845486924054, "Tornadus": 0.2335845486924054, "Jellicent": 0.2335845486924054, "Magmar": 0.2335845486924054}}, "Seismitoad": {"Abilities": {"waterabsorb": 0.3718771984611979}, "Items": {"splashplate": 0.3718771984611979}, "Raw count": 1, "Spreads": {"Modest:4/0/0/252/0/252": 0.3718771984611979}, "Checks and Counters": {}, "Moves": {"hydropump": 0.3718771984611979, "earthpower": 0.3718771984611979, "grassknot": 0.3718771984611979}, "Teammates": {"Emboar": 0.23358454715360333, "Leavanny": 0.23358454715360333, "Ferrothorn": 0.23358454715360333, "Golurk": 0.23358454715360333, "Klinklang": 0.23358454715360333}}, "Leavanny": {"Abilities": {"swarm": 0.3718771984611979}, "Items": {"meadowplate": 0.3718771984611979}, "Raw count": 1, "Spreads": {"Modest:4/0/0/252/0/252": 0.3718771984611979}, "Checks and Counters": {}, "Moves": {"energyball": 0.3718771984611979, "bugbuzz": 0.3718771984611979, "airslash": 0.3718771984611979, "gigadrain": 0.3718771984611979}, "Teammates": {"Seismitoad": 0.23358454715360333, "Emboar": 0.23358454715360333, "Ferrothorn": 0.23358454715360333, "Golurk": 0.23358454715360333, "Klinklang": 0.23358454715360333}}, "Jellicent": {"Abilities": {"waterabsorb": 0.6281228015388021}, "Items": {"sitrusberry": 0.6281228015388021}, "Raw count": 1, "Spreads": {"Quiet:252/0/0/252/0/0": 0.6281228015388021}, "Checks and Counters": {}, "Moves": {"shadowball": 0.6281228015388021, "waterspout": 0.6281228015388021, "protect": 0.6281228015388021, "trickroom": 0.6281228015388021}, "Teammates": {"Marowak": 0.2335845486924054, "Abomasnow": 0.2335845486924054, "Scrafty": 0.2335845486924054, "Tornadus": 0.2335845486924054, "Magmar": 0.2335845486924054}}, "Klinklang": {"Abilities": {"plus": 0.3718771984611979}, "Items": {"zapplate": 0.3718771984611979}, "Raw count": 1, "Spreads": {"Jolly:4/252/0/0/0/252": 0.3718771984611979}, "Checks and Counters": {}, "Moves": {"geargrind": 0.3718771984611979, "rocksmash": 0.3718771984611979, "wildcharge": 0.3718771984611979, "return": 0.3718771984611979}, "Teammates": {"Seismitoad": 0.23358454715360333, "Emboar": 0.23358454715360333, "Leavanny": 0.23358454715360333, "Ferrothorn": 0.23358454715360333, "Golurk": 0.23358454715360333}}}}