{"info": {"cutoff": 1500.0, "cutoff deviation": 0, "metagame": "gen5lc", "number of battles": 1}, "data": {"Clamperl": {"Abilities": {"rattled": 0.3718771984611979}, "Items": {"deepseatooth": 0.3718771984611979}, "Raw count": 1, "Spreads": {"Timid:80/0/0/248/0/180": 0.3718771984611979}, "Checks and Counters": {}, "Moves": {"surf": 0.3718771984611979, "shellsmash": 0.3718771984611979, "icebeam": 0.3718771984611979}, "Teammates": {"Chinchou": 0.23358454715360333, "Wynaut": 0.23358454715360333, "Foongus": 0.23358454715360333, "Mienfoo": 0.0, "Pawniard": 0.23358454715360333}}, "Magnemite": {"Abilities": {"magnetpull": 0.6281228015388021}, "Items": {"choicescarf": 0.6281228015388021}, "Raw count": 1, "Spreads": {"Timid:0/0/0/240/0/236": 0.6281228015388021}, "Checks and Counters": {}, "Moves": {"flashcannon": 0.6281228015388021, "thunderbolt": 0.6281228015388021, "voltswitch": 0.6281228015388021}, "Teammates": {"Mienfoo": 0.0, "Ponyta": 0.2335845486924054, "Drilbur": 0.2335845486924054, "Shroomish": 0.2335845486924054, "Murkrow": 0.2335845486924054}}, "Chinchou": {"Abilities": {"voltabsorb": 0.3718771984611979}, "Items": {"eviolite": 0.3718771984611979}, "Raw count": 1, "Spreads": {"Bold:76/0/132/0/228/60": 0.3718771984611979}, "Checks and Counters": {}, "Moves": {"discharge": 0.3718771984611979, "scald": 0.3718771984611979, "sleeptalk": 0.3718771984611979, "rest": 0.3718771984611979}, "Teammates": {"Clamperl": 0.23358454715360333, "Wynaut": 0.23358454715360333, "Foongus": 0.23358454715360333, "Mienfoo": 0.0, "Pawniard": 0.23358454715360333}}, "Foongus": {"Abilities": {"regenerator": 0.3718771984611979}, "Items": {"eviolite": 0.3718771984611979}, "Raw count": 1, "Spreads": {"Bold:124/0/156/76/76/76": 0.3718771984611979}, "Checks and Counters": {}, "Moves": {"sludgebomb": 0.3718771984611979, "spore": 0.3718771984611979, "stunspore": 0.3718771984611979, "gigadrain": 0.3718771984611979}, "Teammates": {"Clamperl": 0.23358454715360333, "Chinchou": 0.23358454715360333, "Wynaut": 0.23358454715360333, "Pawniard": 0.23358454715360333, "Mienfoo": 0.0}}, "Mienfoo": {"Abilities": {"regenerator": 1.0}, "Items": {"eviolite": 1.0}, "Raw count": 2, "Spreads": {"Impish:156/76/116/0/36/76": 0.3718771984611979, "Impish:76/0/196/0/0/236": 0.6281228015388021}, "Checks and Counters": {}, "Moves": {"drainpunch": 1.0, "uturn": 1.0, "knockoff": 1.0, "stoneedge": 0.6281228015388021, "fakeout": 0.3718771984611979}, "Teammates": {"Clamperl": -1.5388020857542983e-09, "Magnemite": 1.5388020857542983e-09, "Chinchou": -1.5388020857542983e-09, "Foongus": -1.5388020857542983e-09, "Pawniard": -1.5388020857542983e-09, "Drilbur": 1.5388020857542983e-09, "Wynaut": -1.5388020857542983e-09, "Ponyta": 1.5388020857542983e-09, "Shroomish": 1.5388020857542983e-09, "Murkrow": 1.5388020857542983e-09}}, "Drilbur": {"Abilities": {"moldbreaker": 0.6281228015388021}, "Items": {"eviolite": 0.6281228015388021}, "Raw count": 1, "Spreads": {"Jolly:0/236/36/0/0/212": 0.6281228015388021}, "Checks and Counters": {}, "Moves": {"stealthrock": 0.6281228015388021, "rapidspin": 0.6281228015388021, "earthquake": 0.6281228015388021, "rockslide": 0.6281228015388021}, "Teammates": {"Mienfoo": 0.0, "Ponyta": 0.2335845486924054, "Magnemite": 0.2335845486924054, "Shroomish": 0.2335845486924054, "Murkrow": 0.2335845486924054}}, "Pawniard": {"Abilities": {"defiant": 0.3718771984611979}, "Items": {"eviolite": 0.3718771984611979}, "Raw count": 1, "Spreads": {"Adamant:76/236/0/0/0/196": 0.3718771984611979}, "Checks and Counters": {}, "Moves": {"swordsdance": 0.3718771984611979, "ironhead": 0.3718771984611979, "suckerpunch": 0.3718771984611979, "substitute": 0.3718771984611979}, "Teammates": {"Clamperl": 0.23358454715360333, "Chinchou": 0.23358454715360333, "Wynaut": 0.23358454715360333, "Foongus": 0.23358454715360333, "Mienfoo": 0.0}}, "Wynaut": {"Abilities": {"shadowtag": 0.3718771984611979}, "Items": {"eviolite": 0.3718771984611979}, "Raw count": 1, "Spreads": {"Bold:76/0/132/0/212/12": 0.3718771984611979}, "Checks and Counters": {}, "Moves": {"mirrorcoat": 0.3718771984611979, "counter": 0.3718771984611979, "destinybond": 0.3718771984611979, "encore": 0.3718771984611979}, "Teammates": {"Clamperl": 0.23358454715360333, "Chinchou": 0.23358454715360333, "Foongus": 0.23358454715360333, "Pawniard": 0.23358454715360333, "Mienfoo": 0.0}}, "Ponyta": {"Abilities": {"flamebody": 0.6281228015388021}, "Items": {"eviolite": 0.6281228015388021}, "Raw count": 1, "Spreads": {"Timid:0/0/156/76/76/196": 0.6281228015388021}, "Checks and Counters": {}, "Moves": {"morningsun": 0.6281228015388021, "solarbeam": 0.6281228015388021, "fireblast": 0.6281228015388021, "sunnyday": 0.6281228015388021}, "Teammates": {"Mienfoo": 0.0, "Drilbur": 0.2335845486924054, "Magnemite": 0.2335845486924054, "Shroomish": 0.2335845486924054, "Murkrow": 0.2335845486924054}}, "Shroomish": {"Abilities": {"poisonheal": 0.6281228015388021}, "Items": {"eviolite": 0.6281228015388021}, "Raw count": 1, "Spreads": {"Bold:196/0/196/36/36/0": 0.6281228015388021}, "Checks and Counters": {}, "Moves": {"toxic": 0.6281228015388021, "spore": 0.6281228015388021, "gigadrain": 0.6281228015388021, "synthesis": 0.6281228015388021}, "Teammates": {"Mienfoo": 0.0, "Ponyta": 0.2335845486924054, "Magnemite": 0.2335845486924054, "Drilbur": 0.2335845486924054, "Murkrow": 0.2335845486924054}}, "Murkrow": {"Abilities": {"prankster": 0.6281228015388021}, "Items": {"eviolite": 0.6281228015388021}, "Raw count": 1, "Spreads": {"Jolly:36/236/20/0/20/188": 0.6281228015388021}, "Checks and Counters": {}, "Moves": {"suckerpunch": 0.6281228015388021, "roost": 0.6281228015388021, "bravebird": 0.6281228015388021, "substitute": 0.6281228015388021}, "Teammates": {"Magnemite": 0.2335845486924054, "Ponyta": 0.2335845486924054, "Drilbur": 0.2335845486924054, "Shroomish": 0.2335845486924054, "Mienfoo": 0.0}}}}